set datestyle = dmy;

insert into paciente values (90833200, '8902347600', '10/04/1982', 'Empresario');
insert into paciente values (90833201, '8902347601', '10/05/1982', 'Empresario');
insert into paciente values (90833202, '8902347602', '10/06/1982', 'Empresario');
insert into paciente values (90833203, '8902347603', '12/06/1982', 'Comerciante');
insert into paciente values (90833204, '8902347604', '12/08/1987', 'Comerciante');
insert into paciente values (90833205, '8902347605', '23/08/1993', 'Estudiante');
insert into paciente values (90833206, '8902347606', '20/09/1998', 'Estudiante');
insert into paciente values (90833207, '8902347607', '18/09/1992', 'Comerciante');
insert into paciente values (90833208, '8902347608', '14/04/1992', 'Comerciante');
insert into paciente values (90833209, '8902347609', '12/02/2002', 'Estudiante');
insert into paciente values (90833210, '8902347610', '16/01/2001', 'Estudiante');
insert into paciente values (90833211, '8902347611', '12/10/2000', 'Estudiante');

insert into historia_clinica values(nextval('historia_clinica_seq'),90833200, '01/01/2005');
insert into historia_clinica values(nextval('historia_clinica_seq'),90833201, '01/01/2005');
insert into historia_clinica values(nextval('historia_clinica_seq'),90833202, '01/01/2005');
insert into historia_clinica values(nextval('historia_clinica_seq'),90833203, '01/01/2005');
insert into historia_clinica values(nextval('historia_clinica_seq'),90833204, '01/01/2005');
insert into historia_clinica values(nextval('historia_clinica_seq'),90833205, '01/01/2005');
insert into historia_clinica values(nextval('historia_clinica_seq'),90833206, '01/01/2005');
insert into historia_clinica values(nextval('historia_clinica_seq'),90833207, '01/01/2005');
insert into historia_clinica values(nextval('historia_clinica_seq'),90833208, '01/01/2005');
insert into historia_clinica values(nextval('historia_clinica_seq'),90833209, '01/01/2005');
insert into historia_clinica values(nextval('historia_clinica_seq'),90833210, '01/01/2005');
insert into historia_clinica values(nextval('historia_clinica_seq'),90833211, '01/01/2005');

insert into asignacion_camas values(90833201, 1010, '13/03/2013' ,'13/03/2013');
insert into asignacion_camas values(90833201, 1010, '17/07/2008' ,'17/07/2009');
insert into asignacion_camas values(90833201, 1010, '13/03/2016' ,'16/03/2016');
insert into asignacion_camas values(90833201, 1020, '19/06/2008' ,'20/06/2008');
insert into asignacion_camas values(90833202, 1020, '13/05/2012' ,'17/05/2012');
insert into asignacion_camas values(90833202, 1020, '10/08/2016' ,'11/08/2016');
insert into asignacion_camas values(90833206, 1030, '11/02/2009' ,'19/02/2009');
insert into asignacion_camas values(90833206, 1030, '15/05/2013' ,'19/05/2013');
insert into asignacion_camas values(90833206, 1030, '12/06/2014' ,'12/06/2014');
insert into asignacion_camas values(90833208, 1040, '17/09/2017' ,'19/09/2017');
insert into asignacion_camas values(90833208, 1040, '13/04/2013' ,'14/04/2013');
insert into asignacion_camas values(90833205, 1040, '18/02/2009' ,'19/02/2009');
insert into asignacion_camas values(90833204, 1040, '14/03/2014' ,'14/03/2014');
insert into asignacion_camas values(90833201, 1050, '12/08/2012' ,'19/08/2012');
insert into asignacion_camas values(90833203, 1060, '16/09/2015' ,'18/09/2015');
insert into asignacion_camas values(90833203, 1060, '15/04/2008' ,'16/04/2008');
insert into asignacion_camas values(90833204, 1070, '17/02/2014' ,'18/02/2014');
insert into asignacion_camas values(90833205, 1070, '13/05/2012' ,'13/05/2012');
insert into asignacion_camas values(90833206, 1070, '17/05/2005' ,'19/05/2005');
insert into asignacion_camas values(90833209, 1070, '13/08/2010' ,'16/08/2010');
insert into asignacion_camas values(90833209, 1080, '10/12/2017');
insert into asignacion_camas values(90833209, 1090, '15/12/2017');
insert into asignacion_camas values(90833209, 1010, '13/12/2017');

insert into asistencia_campanas values(1000,90833200);
insert into asistencia_campanas values(1000,90833201);
insert into asistencia_campanas values(1000,90833202);
insert into asistencia_campanas values(1000,90833203);
insert into asistencia_campanas values(1000,90833204);
insert into asistencia_campanas values(1000,90833205);
insert into asistencia_campanas values(1010,90833200);
insert into asistencia_campanas values(1010,90833201);
insert into asistencia_campanas values(1010,90833202);
insert into asistencia_campanas values(1010,90833203);
insert into asistencia_campanas values(1010,90833204);
insert into asistencia_campanas values(1010,90833205);
insert into asistencia_campanas values(1020,90833200);
insert into asistencia_campanas values(1020,90833201);
insert into asistencia_campanas values(1020,90833202);
insert into asistencia_campanas values(1020,90833203);
insert into asistencia_campanas values(1020,90833204);
insert into asistencia_campanas values(1020,90833205);
insert into asistencia_campanas values(1030,90833200);
insert into asistencia_campanas values(1030,90833201);
insert into asistencia_campanas values(1030,90833202);
insert into asistencia_campanas values(1030,90833203);
insert into asistencia_campanas values(1030,90833204);
insert into asistencia_campanas values(1030,90833205);
insert into asistencia_campanas values(1040,90833200);
insert into asistencia_campanas values(1040,90833201);
insert into asistencia_campanas values(1040,90833202);
insert into asistencia_campanas values(1040,90833203);
insert into asistencia_campanas values(1040,90833204);
insert into asistencia_campanas values(1040,90833205);
insert into asistencia_campanas values(1050,90833200);
insert into asistencia_campanas values(1050,90833201);
insert into asistencia_campanas values(1050,90833202);
insert into asistencia_campanas values(1050,90833203);
insert into asistencia_campanas values(1050,90833204);
insert into asistencia_campanas values(1050,90833205);

insert into causa values(nextval('causa_seq'),'Causa 00','Sintomas por enfermedad 00');
insert into causa values(nextval('causa_seq'),'Causa 01','Sintomas por enfermedad 01');
insert into causa values(nextval('causa_seq'),'Causa 02','Sintomas por enfermedad 02');
insert into causa values(nextval('causa_seq'),'Causa 03','Sintomas por enfermedad 03');
insert into causa values(nextval('causa_seq'),'Causa 04','Sintomas por enfermedad 04');
insert into causa values(nextval('causa_seq'),'Causa 05','Sintomas por enfermedad 05');
insert into causa values(nextval('causa_seq'),'Causa 06','Sintomas por enfermedad 06');
insert into causa values(nextval('causa_seq'),'Causa 07','Sintomas por enfermedad 07');
insert into causa values(nextval('causa_seq'),'Causa 08','Sintomas por enfermedad 08');
insert into causa values(nextval('causa_seq'),'Causa 09','Sintomas por enfermedad 09');
insert into causa values(nextval('causa_seq'),'Causa 10','Sintomas por enfermedad 10');
insert into causa values(nextval('causa_seq'),'Causa 11','Sintomas por enfermedad 11');

insert into formula values(nextval('formula_seq'), 89045200);
insert into formula values(nextval('formula_seq'), 89045201);
insert into formula values(nextval('formula_seq'), 89045201);
insert into formula values(nextval('formula_seq'), 89045201);
insert into formula values(nextval('formula_seq'), 89045202);
insert into formula values(nextval('formula_seq'), 89045203);
insert into formula values(nextval('formula_seq'), 89045204);
insert into formula values(nextval('formula_seq'), 89045205);
insert into formula values(nextval('formula_seq'), 89045205);
insert into formula values(nextval('formula_seq'), 89045205);
insert into formula values(nextval('formula_seq'), 89045205);
insert into formula values(nextval('formula_seq'), 89045206);
insert into formula values(nextval('formula_seq'), 89045206);
insert into formula values(nextval('formula_seq'), 89045206);
insert into formula values(nextval('formula_seq'), 89045206);
insert into formula values(nextval('formula_seq'), 89045206);
insert into formula values(nextval('formula_seq'), 89045206);
insert into formula values(nextval('formula_seq'), 89045206);
insert into formula values(nextval('formula_seq'), 89045206);
insert into formula values(nextval('formula_seq'), 89045207);
insert into formula values(nextval('formula_seq'), 89045207);
insert into formula values(nextval('formula_seq'), 89045204);
insert into formula values(nextval('formula_seq'), 89045204);
insert into formula values(nextval('formula_seq'), 89045205);
insert into formula values(nextval('formula_seq'), 89045205);
insert into formula values(nextval('formula_seq'), 89045203);
insert into formula values(nextval('formula_seq'), 89045201);


insert into formulacion_medicamento values(1010,1010,'Cada 24 horas');
insert into formulacion_medicamento values(1010,1020,'Cada 24 horas');
insert into formulacion_medicamento values(1020,1010,'Cada 24 horas');
insert into formulacion_medicamento values(1030,1010,'Cada 24 horas');
insert into formulacion_medicamento values(1040,1010,'Cada 24 horas');
insert into formulacion_medicamento values(1050,1010,'Cada 24 horas');
insert into formulacion_medicamento values(1060,1010,'Cada 24 horas');
insert into formulacion_medicamento values(1070,1010,'Cada 24 horas');
insert into formulacion_medicamento values(1070,1020,'Cada 24 horas');
insert into formulacion_medicamento values(1070,1030,'Cada 24 horas');
insert into formulacion_medicamento values(1080,1010,'Cada 24 horas');
insert into formulacion_medicamento values(1090,1010,'Cada 24 horas');
insert into formulacion_medicamento values(1110,1010,'Cada 12 horas');
insert into formulacion_medicamento values(1110,1020,'Cada 12 horas');
insert into formulacion_medicamento values(1140,1010,'Cada 12 horas');
insert into formulacion_medicamento values(1150,1010,'Cada 12 horas');
insert into formulacion_medicamento values(1230,1010,'Cada 12 horas');
insert into formulacion_medicamento values(1170,1010,'Cada 12 horas');
insert into formulacion_medicamento values(1130,1010,'Cada 12 horas');
insert into formulacion_medicamento values(1130,1020,'Cada 12 horas');
insert into formulacion_medicamento values(1130,1090,'Cada 12 horas');
insert into formulacion_medicamento values(1240,1090,'Cada 03 horas');
insert into formulacion_medicamento values(1210,1010,'Cada 08 horas');
insert into formulacion_medicamento values(1220,1010,'Cada 08 horas');
insert into formulacion_medicamento values(1260,1020,'Cada 08 horas');
insert into formulacion_medicamento values(1230,1030,'Cada 08 horas');
insert into formulacion_medicamento values(1240,1050,'Cada 08 horas');
insert into formulacion_medicamento values(1220,1060,'Cada 08 horas');
insert into formulacion_medicamento values(1220,1000,'Cada 08 horas');
insert into formulacion_medicamento values(1220,1040,'Cada 08 horas');
insert into formulacion_medicamento values(1220,1070,'Cada 08 horas');
insert into formulacion_medicamento values(1160,1020,'Cada 08 horas');
insert into formulacion_medicamento values(1170,1050,'Cada 08 horas');
insert into formulacion_medicamento values(1170,1030,'Cada 08 horas');
insert into formulacion_medicamento values(1200,1060,'Cada 08 horas');
insert into formulacion_medicamento values(1110,1070,'Cada 03 horas');
insert into formulacion_medicamento values(1120,1070,'Cada 03 horas');
insert into formulacion_medicamento values(1260,1080,'Cada 03 horas');
insert into formulacion_medicamento values(1250,1030,'Cada 03 horas');
insert into formulacion_medicamento values(1130,1040,'Cada 03 horas');
insert into formulacion_medicamento values(1250,1060,'Cada 03 horas');
insert into formulacion_medicamento values(1240,1080,'Cada 03 horas');
insert into formulacion_medicamento values(1210,1030,'Cada 03 horas');
insert into formulacion_medicamento values(1210,1060,'Cada 03 horas');
insert into formulacion_medicamento values(1200,1080,'Cada 03 horas');


insert into registro_consulta values(nextval('registro_consulta_seq'), 1000, '20/02/2015', 89045200, 1000, 15000);
insert into registro_consulta values(nextval('registro_consulta_seq'), 1010, '23/03/2013', 89045200, 1010, 23000);
insert into registro_consulta values(nextval('registro_consulta_seq'), 1020, '25/06/2016', 89045200, 1020, 37000);
insert into registro_consulta values(nextval('registro_consulta_seq'), 1030, '26/08/2017', 89045200, 1030, 25000);
insert into registro_consulta values(nextval('registro_consulta_seq'), 1040, '22/09/2015', 89045200, 1040, 23000);
insert into registro_consulta values(nextval('registro_consulta_seq'), 1050, '29/07/2013', 89045201, 1050, 14000);
insert into registro_consulta values(nextval('registro_consulta_seq'), 1060, '22/04/2012', 89045201, 1060, 22000);
insert into registro_consulta values(nextval('registro_consulta_seq'), 1070, '26/03/2014', 89045201, 1070, 27000);
insert into registro_consulta values(nextval('registro_consulta_seq'), 1080, '29/05/2012', 89045201, 1080, 29000);
insert into registro_consulta values(nextval('registro_consulta_seq'), 1090, '23/02/2012', 89045201, 1090, 23000);
insert into registro_consulta values(nextval('registro_consulta_seq'), 1100, '25/07/2010', 89045202, 1100, 10000);
insert into registro_consulta values(nextval('registro_consulta_seq'), 1110, '21/02/2016', 89045202, 1110, 13000);
insert into registro_consulta values(nextval('registro_consulta_seq'), 1000, '21/06/2015', 89045202, 1120, 15000);
insert into registro_consulta values(nextval('registro_consulta_seq'), 1010, '20/09/2014', 89045202, 1130, 17000);
insert into registro_consulta values(nextval('registro_consulta_seq'), 1020, '24/04/2017', 89045202, 1140, 22000);
insert into registro_consulta values(nextval('registro_consulta_seq'), 1030, '28/08/2011', 89045203, 1150, 25000);
insert into registro_consulta values(nextval('registro_consulta_seq'), 1040, '23/09/2013', 89045203, 1160, 17000);
insert into registro_consulta values(nextval('registro_consulta_seq'), 1050, '22/03/2014', 89045203, 1170, 23000);
insert into registro_consulta values(nextval('registro_consulta_seq'), 1060, '28/01/2015', 89045203, 1180, 15000);
insert into registro_consulta values(nextval('registro_consulta_seq'), 1070, '22/06/2015', 89045203, 1190, 17000);
insert into registro_consulta values(nextval('registro_consulta_seq'), 1080, '27/03/2013', 89045204, 1200, 24000);
insert into registro_consulta values(nextval('registro_consulta_seq'), 1090, '23/09/2012', 89045204, 1210, 33000);
insert into registro_consulta values(nextval('registro_consulta_seq'), 1100, '27/03/2013', 89045204, 1220, 16000);
insert into registro_consulta values(nextval('registro_consulta_seq'), 1110, '24/01/2015', 89045204, 1230, 23000);
insert into registro_consulta values(nextval('registro_consulta_seq'), 1000, '22/01/2017', 89045205, 1240, 26000);
insert into registro_consulta values(nextval('registro_consulta_seq'), 1010, '28/08/2013', 89045205, 1250, 23000);

insert into causas_consulta values(1000,1000);
insert into causas_consulta values(1000,1010);
insert into causas_consulta values(1000,1020);
insert into causas_consulta values(1000,1030);
insert into causas_consulta values(1000,1040);
insert into causas_consulta values(1010,1050);
insert into causas_consulta values(1010,1060);
insert into causas_consulta values(1010,1070);
insert into causas_consulta values(1020,1080);
insert into causas_consulta values(1030,1090);
insert into causas_consulta values(1040,1100);
insert into causas_consulta values(1040,1110);
insert into causas_consulta values(1040,1120);
insert into causas_consulta values(1040,1130);
insert into causas_consulta values(1050,1140);
insert into causas_consulta values(1050,1150);
insert into causas_consulta values(1050,1160);
insert into causas_consulta values(1060,1170);
insert into causas_consulta values(1020,1180);
insert into causas_consulta values(1030,1190);
insert into causas_consulta values(1000,1200);
insert into causas_consulta values(1000,1210);
insert into causas_consulta values(1000,1220);
insert into causas_consulta values(1020,1230);
insert into causas_consulta values(1020,1240);
insert into causas_consulta values(1070,1250);

insert into cita values(90833200, '22/12/2017', '06:30', 89045200, 15000);
insert into cita values(90833201, '25/12/2017', '03:00', 89045201, 15000);
insert into cita values(90833202, '07/01/2018', '05:30', 89045202, 15000);
insert into cita values(90833203, '04/01/2018', '06:00', 89045203, 15000);
insert into cita values(90833204, '22/12/2017', '07:30', 89045204, 15000);
insert into cita values(90833205, '25/12/2017', '09:00', 89045205, 15000);
insert into cita values(90833206, '07/01/2018', '07:30', 89045206, 15000);
insert into cita values(90833207, '08/01/2018', '08:00', 89045207, 15000);
insert into cita values(90833208, '24/12/2017', '09:30', 89045200, 15000);
insert into cita values(90833209, '22/12/2017', '08:00', 89045201, 15000);
insert into cita values(90833210, '05/01/2018', '06:30', 89045202, 15000);
insert into cita values(90833211, '03/01/2018', '08:00', 89045203, 15000);
insert into cita values(90833200, '27/12/2017', '09:30', 89045204, 15000);
insert into cita values(90833201, '23/12/2017', '06:00', 89045205, 15000);
insert into cita values(90833202, '07/01/2018', '08:30', 89045206, 15000);
insert into cita values(90833203, '04/01/2018', '09:00', 89045207, 15000);
insert into cita values(90833204, '23/12/2017', '07:30', 89045200, 15000);
insert into cita values(90833205, '26/12/2017', '09:00', 89045200, 15000);
insert into cita values(90833206, '03/01/2018', '07:30', 89045201, 15000);
insert into cita values(90833207, '08/01/2018', '10:00', 89045202, 15000);
insert into cita values(90833208, '24/12/2017', '10:30', 89045203, 15000);
insert into cita values(90833209, '22/12/2017', '10:00', 89045204, 15000);
insert into cita values(90833210, '07/01/2018', '09:30', 89045205, 15000);
insert into cita values(90833211, '09/01/2018', '08:00', 89045206, 15000);
insert into cita values(90833200, '24/12/2017', '07:30', 89045207, 15000);
insert into cita values(90833200, '22/12/2017', '08:00', 89045207, 15000);
insert into cita values(90833200, '06/01/2018', '06:30', 89045200, 15000);
insert into cita values(90833200, '09/01/2018', '07:00', 89045200, 15000);
insert into cita values(90833201, '24/12/2017', '06:30', 89045201, 15000);
insert into cita values(90833201, '23/12/2017', '06:00', 89045202, 15000);
insert into cita values(90833201, '07/01/2018', '08:30', 89045203, 15000);
insert into cita values(90833202, '03/01/2018', '00:00', 89045204, 15000);
